,SCR_Peaks_N,SCR_Peaks_Amplitude_Mean,EDA_Tonic_SD,EDA_Sympathetic,EDA_SympatheticN,EDA_Autocorrelation
1,55.0,14.661530134475473,47.68303108319194,46.052450085149005,0.00562665980803386,0.9278521168015921
